{"cameraMode":{"drawMode":0,"name":"Shaded","section":"Shading Mode"},"sceneLighting":false,"audioPlay":false,"sceneViewState":{"showFog":true,"showMaterialUpdate":false,"showSkybox":true,"showFlares":true,"showImageEffects":true,"showParticleSystems":true},"in2DMode":false,"pivot":{"x":-0.18749523162841798,"y":-1.2045730352401734,"z":1.9860292673110963},"rotation":{"x":-0.2329043745994568,"y":0.7356634140014648,"z":-0.3078382909297943,"w":-0.556588351726532},"size":4.484838962554932,"orthographic":false}