{"cameraMode":{"drawMode":0,"name":"Shaded","section":"Shading Mode"},"sceneLighting":false,"audioPlay":false,"sceneViewState":{"showFog":true,"showMaterialUpdate":false,"showSkybox":true,"showFlares":true,"showImageEffects":true,"showParticleSystems":true},"in2DMode":false,"pivot":{"x":358.5135498046875,"y":248.01910400390626,"z":-6.5838623046875},"rotation":{"x":-0.03543168306350708,"y":0.1762784719467163,"z":-0.006349584553390741,"w":-0.9836819767951965},"size":809.6270751953125,"orthographic":false}