{"cameraMode":{"drawMode":0,"name":"Shaded","section":"Shading Mode"},"sceneLighting":false,"audioPlay":false,"sceneViewState":{"showFog":true,"showMaterialUpdate":false,"showSkybox":true,"showFlares":true,"showImageEffects":true,"showParticleSystems":true},"in2DMode":false,"pivot":{"x":429.6264343261719,"y":252.4390106201172,"z":16.9544677734375},"rotation":{"x":-0.00897817313671112,"y":0.07524630427360535,"z":-0.0006776496302336454,"w":-0.9971243739128113},"size":545.9742431640625,"orthographic":false}