{"cameraMode":{"drawMode":0,"name":"Shaded","section":"Shading Mode"},"sceneLighting":false,"audioPlay":false,"sceneViewState":{"showFog":true,"showMaterialUpdate":false,"showSkybox":true,"showFlares":true,"showImageEffects":true,"showParticleSystems":true},"in2DMode":false,"pivot":{"x":601.6060791015625,"y":514.5152587890625,"z":-18.621337890625},"rotation":{"x":-0.00897817313671112,"y":0.07524630427360535,"z":-0.0006776496302336454,"w":-0.9971243739128113},"size":1047.005859375,"orthographic":false}