{"cameraMode":{"drawMode":0,"name":"Shaded","section":"Shading Mode"},"sceneLighting":false,"audioPlay":false,"sceneViewState":{"showFog":true,"showMaterialUpdate":false,"showSkybox":true,"showFlares":true,"showImageEffects":true,"showParticleSystems":true},"in2DMode":false,"pivot":{"x":434.21087646484377,"y":424.401611328125,"z":27.89105224609375},"rotation":{"x":-0.00897817313671112,"y":0.07524630427360535,"z":-0.0006776496302336454,"w":-0.9971243739128113},"size":830.6092529296875,"orthographic":false}