{"cameraMode":{"drawMode":0,"name":"Shaded","section":"Shading Mode"},"sceneLighting":false,"audioPlay":false,"sceneViewState":{"showFog":true,"showMaterialUpdate":false,"showSkybox":false,"showFlares":true,"showImageEffects":true,"showParticleSystems":true},"in2DMode":false,"pivot":{"x":18.101837158203126,"y":-38.770721435546878,"z":-54.09381103515625},"rotation":{"x":-0.0822407603263855,"y":-0.7185322046279907,"z":0.08617191761732102,"w":-0.685255229473114},"size":-885.091064453125,"orthographic":false}