{"cameraMode":{"drawMode":0,"name":"Shaded","section":"Shading Mode"},"sceneLighting":false,"audioPlay":false,"sceneViewState":{"showFog":true,"showMaterialUpdate":false,"showSkybox":true,"showFlares":true,"showImageEffects":true,"showParticleSystems":true},"in2DMode":false,"pivot":{"x":505.5577697753906,"y":293.5815124511719,"z":23.811767578125},"rotation":{"x":-0.00897817313671112,"y":0.07524630427360535,"z":-0.0006776496302336454,"w":-0.9971243739128113},"size":783.6151123046875,"orthographic":false}