{"cameraMode":{"drawMode":0,"name":"Shaded","section":"Shading Mode"},"sceneLighting":false,"audioPlay":false,"sceneViewState":{"showFog":true,"showMaterialUpdate":false,"showSkybox":true,"showFlares":true,"showImageEffects":true,"showParticleSystems":true},"in2DMode":false,"pivot":{"x":-2.441178560256958,"y":1.093349575996399,"z":7.643545150756836},"rotation":{"x":-0.0014878520742058755,"y":0.1453040987253189,"z":-0.0002186387573601678,"w":-0.9893859028816223},"size":10.545764923095704,"orthographic":false}